Ligand,Binding Affinity,rmsd/ub, rmsd/lb
GNAQ_prepared_1_uff_E=1373.11,-9.3,0.0,0.0
GNAQ_prepared_1_uff_E=1395.80,-9.1,0.0,0.0
GNAQ_prepared_0_uff_E=941.88,-9.1,0.0,0.0
GNAQ_prepared_1_uff_E=1339.26,-8.7,0.0,0.0
GNAQ_prepared_1_uff_E=804.69,-8.0,0.0,0.0
GNAQ_prepared_1_uff_E=972.74,-7.5,0.0,0.0
GNAQ_prepared_0_uff_E=215.74,-6.8,0.0,0.0
GNAQ_prepared_1_uff_E=277.76,-4.8,0.0,0.0
GNAQ_prepared_1_uff_E=100.93,-4.2,0.0,0.0
GNAQ_prepared_0_uff_E=31.09,-3.8,0.0,0.0
GNAQ_prepared_1_uff_E=1395.80,-9.1,3.194,2.267
GNAQ_prepared_1_uff_E=1339.26,-8.7,8.381,5.332
GNAQ_prepared_1_uff_E=1373.11,-8.7,9.887,6.725
GNAQ_prepared_0_uff_E=941.88,-8.4,4.413,3.173
GNAQ_prepared_1_uff_E=804.69,-7.4,5.344,3.727
GNAQ_prepared_1_uff_E=972.74,-7.0,39.934,37.526
GNAQ_prepared_0_uff_E=215.74,-6.6,6.707,3.385
GNAQ_prepared_1_uff_E=277.76,-4.7,3.41,2.863
GNAQ_prepared_1_uff_E=100.93,-4.0,11.821,11.019
GNAQ_prepared_0_uff_E=31.09,-3.5,28.107,27.25
GNAQ_prepared_1_uff_E=1395.80,-9.0,4.38,2.819
GNAQ_prepared_1_uff_E=1339.26,-8.6,8.75,4.086
GNAQ_prepared_1_uff_E=1373.11,-8.6,3.981,2.622
GNAQ_prepared_0_uff_E=941.88,-7.9,7.624,4.272
GNAQ_prepared_1_uff_E=804.69,-7.4,76.931,74.444
GNAQ_prepared_1_uff_E=972.74,-6.7,34.835,32.686
GNAQ_prepared_0_uff_E=215.74,-6.6,7.187,3.312
GNAQ_prepared_1_uff_E=277.76,-4.7,9.143,6.462
GNAQ_prepared_1_uff_E=100.93,-3.9,12.685,11.604
GNAQ_prepared_0_uff_E=31.09,-3.4,34.804,34.513
GNAQ_prepared_1_uff_E=1395.80,-8.9,8.125,4.473
GNAQ_prepared_1_uff_E=1339.26,-8.5,10.578,6.431
GNAQ_prepared_1_uff_E=1373.11,-8.4,6.663,3.509
GNAQ_prepared_0_uff_E=941.88,-7.6,39.632,37.362
GNAQ_prepared_1_uff_E=804.69,-7.3,75.707,73.224
GNAQ_prepared_1_uff_E=972.74,-6.6,37.748,35.311
GNAQ_prepared_0_uff_E=215.74,-6.3,6.652,3.61
GNAQ_prepared_1_uff_E=277.76,-4.7,9.787,6.278
GNAQ_prepared_1_uff_E=100.93,-3.9,11.186,9.949
GNAQ_prepared_0_uff_E=31.09,-3.4,28.268,27.804
GNAQ_prepared_1_uff_E=1395.80,-8.9,4.172,2.46
GNAQ_prepared_1_uff_E=1339.26,-8.4,5.808,4.186
GNAQ_prepared_1_uff_E=1373.11,-8.3,5.168,3.519
GNAQ_prepared_0_uff_E=941.88,-7.5,33.742,30.717
GNAQ_prepared_1_uff_E=804.69,-7.3,7.72,3.235
GNAQ_prepared_1_uff_E=972.74,-6.4,23.33,21.305
GNAQ_prepared_0_uff_E=215.74,-6.3,44.407,40.716
GNAQ_prepared_1_uff_E=277.76,-4.6,5.8,3.101
GNAQ_prepared_1_uff_E=100.93,-3.9,11.779,10.863
GNAQ_prepared_0_uff_E=31.09,-3.3,27.263,26.77
GNAQ_prepared_1_uff_E=1395.80,-8.8,6.669,4.422
GNAQ_prepared_1_uff_E=1339.26,-8.4,8.039,4.192
GNAQ_prepared_1_uff_E=1373.11,-8.1,10.818,7.961
GNAQ_prepared_0_uff_E=941.88,-7.4,35.352,32.096
GNAQ_prepared_1_uff_E=804.69,-7.3,7.586,3.199
GNAQ_prepared_0_uff_E=215.74,-6.2,51.776,48.836
GNAQ_prepared_1_uff_E=972.74,-6.2,40.394,37.976
GNAQ_prepared_1_uff_E=277.76,-4.6,2.391,1.918
GNAQ_prepared_1_uff_E=100.93,-3.9,36.783,36.065
GNAQ_prepared_0_uff_E=31.09,-3.3,55.327,55.157
GNAQ_prepared_1_uff_E=1395.80,-8.7,2.812,2.017
GNAQ_prepared_1_uff_E=1339.26,-8.3,8.337,4.118
GNAQ_prepared_1_uff_E=1373.11,-8.0,13.312,10.996
GNAQ_prepared_0_uff_E=941.88,-7.3,39.269,36.048
GNAQ_prepared_1_uff_E=804.69,-7.2,72.614,70.163
GNAQ_prepared_1_uff_E=972.74,-6.2,27.729,25.298
GNAQ_prepared_0_uff_E=215.74,-6.1,51.258,48.767
GNAQ_prepared_1_uff_E=277.76,-4.5,31.475,29.887
GNAQ_prepared_1_uff_E=100.93,-3.9,10.981,10.169
GNAQ_prepared_0_uff_E=31.09,-3.3,35.18,34.954
GNAQ_prepared_1_uff_E=1395.80,-8.7,7.855,5.038
GNAQ_prepared_1_uff_E=1339.26,-8.3,9.816,7.019
GNAQ_prepared_1_uff_E=1373.11,-8.0,10.908,7.495
GNAQ_prepared_0_uff_E=941.88,-7.3,33.342,30.43
GNAQ_prepared_1_uff_E=804.69,-7.0,32.616,30.411
GNAQ_prepared_1_uff_E=972.74,-6.2,23.883,21.725
GNAQ_prepared_0_uff_E=215.74,-6.1,51.148,48.624
GNAQ_prepared_1_uff_E=277.76,-4.5,2.85,2.228
GNAQ_prepared_1_uff_E=100.93,-3.8,11.797,10.73
GNAQ_prepared_0_uff_E=31.09,-3.3,17.088,16.388
GNAQ_prepared_1_uff_E=1395.80,-8.7,15.149,13.032
GNAQ_prepared_1_uff_E=1339.26,-8.1,7.903,4.334
GNAQ_prepared_1_uff_E=1373.11,-8.0,12.792,10.119
GNAQ_prepared_0_uff_E=941.88,-7.0,6.683,4.857
GNAQ_prepared_1_uff_E=804.69,-6.9,73.428,70.906
GNAQ_prepared_0_uff_E=215.74,-6.1,24.988,24.222
GNAQ_prepared_1_uff_E=972.74,-6.1,17.071,15.706
GNAQ_prepared_1_uff_E=277.76,-4.5,2.693,2.294
GNAQ_prepared_1_uff_E=100.93,-3.8,26.543,25.932
GNAQ_prepared_0_uff_E=31.09,-3.2,28.262,27.63
