Ligand,Binding Affinity,rmsd/ub, rmsd/lb
PRKAR1A_prepared_0_uff_E=215.74,-9.0,0.0,0.0
PRKAR1A_prepared_1_uff_E=1373.11,-8.5,0.0,0.0
PRKAR1A_prepared_1_uff_E=972.74,-6.8,0.0,0.0
PRKAR1A_prepared_0_uff_E=941.88,-6.7,0.0,0.0
PRKAR1A_prepared_1_uff_E=1339.26,-6.5,0.0,0.0
PRKAR1A_prepared_1_uff_E=1395.80,-6.3,0.0,0.0
PRKAR1A_prepared_1_uff_E=277.76,-6.0,0.0,0.0
PRKAR1A_prepared_1_uff_E=804.69,-5.8,0.0,0.0
PRKAR1A_prepared_0_uff_E=31.09,-4.2,0.0,0.0
PRKAR1A_prepared_1_uff_E=100.93,-3.9,0.0,0.0
PRKAR1A_prepared_0_uff_E=215.74,-8.2,7.53,4.309
PRKAR1A_prepared_1_uff_E=1373.11,-7.8,7.505,4.399
PRKAR1A_prepared_0_uff_E=941.88,-6.5,2.065,0.747
PRKAR1A_prepared_1_uff_E=1339.26,-6.2,5.381,3.351
PRKAR1A_prepared_1_uff_E=1395.80,-6.1,3.241,2.144
PRKAR1A_prepared_1_uff_E=972.74,-6.1,13.437,12.169
PRKAR1A_prepared_1_uff_E=804.69,-5.8,8.777,3.034
PRKAR1A_prepared_1_uff_E=277.76,-5.6,5.601,2.41
PRKAR1A_prepared_0_uff_E=31.09,-3.7,2.943,2.494
PRKAR1A_prepared_1_uff_E=100.93,-3.7,18.679,17.95
PRKAR1A_prepared_0_uff_E=215.74,-7.1,6.921,4.748
PRKAR1A_prepared_1_uff_E=1373.11,-7.1,16.719,13.98
PRKAR1A_prepared_0_uff_E=941.88,-6.3,25.577,23.482
PRKAR1A_prepared_1_uff_E=1339.26,-6.0,5.308,3.126
PRKAR1A_prepared_1_uff_E=1395.80,-6.0,3.097,1.712
PRKAR1A_prepared_1_uff_E=972.74,-6.0,22.921,20.567
PRKAR1A_prepared_1_uff_E=804.69,-5.7,7.693,2.998
PRKAR1A_prepared_1_uff_E=277.76,-5.3,6.1,3.812
PRKAR1A_prepared_0_uff_E=31.09,-3.7,3.016,2.74
PRKAR1A_prepared_1_uff_E=100.93,-3.6,17.368,16.587
PRKAR1A_prepared_1_uff_E=1373.11,-7.0,17.706,14.771
PRKAR1A_prepared_0_uff_E=941.88,-6.3,25.527,23.421
PRKAR1A_prepared_0_uff_E=215.74,-6.0,23.315,21.136
PRKAR1A_prepared_1_uff_E=1395.80,-5.9,4.484,2.483
PRKAR1A_prepared_1_uff_E=972.74,-5.9,2.796,2.147
PRKAR1A_prepared_1_uff_E=1339.26,-5.8,2.645,1.764
PRKAR1A_prepared_1_uff_E=804.69,-5.7,4.134,3.134
PRKAR1A_prepared_1_uff_E=277.76,-5.1,5.691,2.952
PRKAR1A_prepared_0_uff_E=31.09,-3.7,1.951,1.437
PRKAR1A_prepared_1_uff_E=100.93,-3.6,1.611,1.555
PRKAR1A_prepared_1_uff_E=1373.11,-6.8,15.792,13.596
PRKAR1A_prepared_0_uff_E=941.88,-6.2,24.833,22.914
PRKAR1A_prepared_1_uff_E=1395.80,-5.9,17.886,16.191
PRKAR1A_prepared_1_uff_E=972.74,-5.9,22.82,21.245
PRKAR1A_prepared_1_uff_E=1339.26,-5.8,18.676,16.325
PRKAR1A_prepared_1_uff_E=804.69,-5.6,2.883,1.955
PRKAR1A_prepared_1_uff_E=277.76,-4.7,5.362,3.963
PRKAR1A_prepared_1_uff_E=100.93,-3.6,2.898,2.541
PRKAR1A_prepared_0_uff_E=31.09,-3.5,3.49,3.154
PRKAR1A_prepared_1_uff_E=1373.11,-6.8,13.929,11.601
PRKAR1A_prepared_0_uff_E=941.88,-6.2,24.759,22.824
PRKAR1A_prepared_1_uff_E=1339.26,-5.8,5.397,2.857
PRKAR1A_prepared_1_uff_E=1395.80,-5.8,5.582,3.127
PRKAR1A_prepared_1_uff_E=972.74,-5.7,13.666,11.706
PRKAR1A_prepared_1_uff_E=804.69,-5.6,7.588,3.049
PRKAR1A_prepared_1_uff_E=277.76,-4.3,3.895,2.47
PRKAR1A_prepared_1_uff_E=100.93,-3.4,2.412,2.179
PRKAR1A_prepared_0_uff_E=31.09,-3.3,9.05,8.771
PRKAR1A_prepared_1_uff_E=1373.11,-6.7,17.63,15.31
PRKAR1A_prepared_0_uff_E=941.88,-6.1,23.881,21.906
PRKAR1A_prepared_1_uff_E=1339.26,-5.8,4.026,2.754
PRKAR1A_prepared_1_uff_E=1395.80,-5.8,4.981,2.458
PRKAR1A_prepared_1_uff_E=972.74,-5.7,3.884,2.366
PRKAR1A_prepared_1_uff_E=804.69,-5.5,8.18,3.41
PRKAR1A_prepared_1_uff_E=277.76,-3.9,9.468,8.688
PRKAR1A_prepared_1_uff_E=100.93,-3.4,10.895,10.073
PRKAR1A_prepared_0_uff_E=31.09,-3.3,10.299,9.596
PRKAR1A_prepared_1_uff_E=1373.11,-6.6,17.759,14.943
PRKAR1A_prepared_0_uff_E=941.88,-6.1,6.967,3.699
PRKAR1A_prepared_1_uff_E=1395.80,-5.8,26.666,25.051
PRKAR1A_prepared_1_uff_E=1339.26,-5.7,23.658,21.627
PRKAR1A_prepared_1_uff_E=972.74,-5.6,21.63,19.782
PRKAR1A_prepared_1_uff_E=804.69,-5.5,3.986,2.755
PRKAR1A_prepared_1_uff_E=277.76,-3.9,12.059,11.301
PRKAR1A_prepared_1_uff_E=100.93,-3.4,10.653,10.099
PRKAR1A_prepared_0_uff_E=31.09,-3.3,9.932,9.364
PRKAR1A_prepared_1_uff_E=1373.11,-6.6,11.331,9.527
PRKAR1A_prepared_0_uff_E=941.88,-6.0,23.882,21.911
PRKAR1A_prepared_1_uff_E=1395.80,-5.8,4.85,2.321
PRKAR1A_prepared_1_uff_E=1339.26,-5.6,5.073,3.093
PRKAR1A_prepared_1_uff_E=972.74,-5.6,2.87,1.929
PRKAR1A_prepared_1_uff_E=804.69,-5.4,22.016,18.706
PRKAR1A_prepared_1_uff_E=277.76,-3.8,12.401,11.089
PRKAR1A_prepared_1_uff_E=100.93,-3.4,9.564,9.092
PRKAR1A_prepared_0_uff_E=31.09,-3.1,10.615,9.933
