Ligand,Binding Affinity,rmsd/ub, rmsd/lb
PRKACA_prepared_1_uff_E=804.69,-9.5,0.0,0.0
PRKACA_prepared_1_uff_E=972.74,-8.8,0.0,0.0
PRKACA_prepared_1_uff_E=1373.11,-8.8,0.0,0.0
PRKACA_prepared_1_uff_E=1395.80,-8.7,0.0,0.0
PRKACA_prepared_0_uff_E=215.74,-8.7,0.0,0.0
PRKACA_prepared_1_uff_E=1339.26,-8.4,0.0,0.0
PRKACA_prepared_0_uff_E=941.88,-7.7,0.0,0.0
PRKACA_prepared_1_uff_E=277.76,-4.7,0.0,0.0
PRKACA_prepared_0_uff_E=31.09,-4.4,0.0,0.0
PRKACA_prepared_1_uff_E=100.93,-4.1,0.0,0.0
PRKACA_prepared_1_uff_E=804.69,-9.4,8.583,4.006
PRKACA_prepared_1_uff_E=1395.80,-8.7,2.745,1.7
PRKACA_prepared_1_uff_E=1373.11,-8.7,8.382,5.162
PRKACA_prepared_0_uff_E=215.74,-8.6,1.811,1.116
PRKACA_prepared_1_uff_E=972.74,-8.6,9.202,6.727
PRKACA_prepared_1_uff_E=1339.26,-8.3,7.433,4.559
PRKACA_prepared_0_uff_E=941.88,-7.7,15.635,14.293
PRKACA_prepared_1_uff_E=277.76,-4.6,9.682,7.426
PRKACA_prepared_0_uff_E=31.09,-4.3,3.241,2.538
PRKACA_prepared_1_uff_E=100.93,-4.1,4.278,3.213
PRKACA_prepared_1_uff_E=804.69,-9.0,2.498,1.378
PRKACA_prepared_1_uff_E=1373.11,-8.6,8.202,4.958
PRKACA_prepared_1_uff_E=1395.80,-8.5,5.478,3.284
PRKACA_prepared_1_uff_E=1339.26,-8.3,8.924,6.162
PRKACA_prepared_1_uff_E=972.74,-8.3,14.185,10.876
PRKACA_prepared_0_uff_E=215.74,-8.0,3.814,2.542
PRKACA_prepared_0_uff_E=941.88,-7.6,7.152,4.49
PRKACA_prepared_1_uff_E=277.76,-4.5,29.762,28.047
PRKACA_prepared_0_uff_E=31.09,-4.0,9.959,9.806
PRKACA_prepared_1_uff_E=100.93,-4.0,29.159,28.612
PRKACA_prepared_1_uff_E=804.69,-8.9,9.037,3.762
PRKACA_prepared_1_uff_E=1373.11,-8.6,8.667,5.177
PRKACA_prepared_1_uff_E=1395.80,-8.4,3.489,2.145
PRKACA_prepared_1_uff_E=972.74,-8.3,2.539,1.758
PRKACA_prepared_1_uff_E=1339.26,-8.2,5.003,2.996
PRKACA_prepared_0_uff_E=215.74,-7.9,3.857,2.467
PRKACA_prepared_0_uff_E=941.88,-7.4,38.032,35.931
PRKACA_prepared_1_uff_E=277.76,-4.4,9.344,6.37
PRKACA_prepared_1_uff_E=100.93,-4.0,29.881,29.354
PRKACA_prepared_0_uff_E=31.09,-3.7,10.227,9.704
PRKACA_prepared_1_uff_E=804.69,-8.9,8.179,3.066
PRKACA_prepared_1_uff_E=1395.80,-8.4,3.917,2.153
PRKACA_prepared_1_uff_E=1339.26,-8.2,4.842,2.708
PRKACA_prepared_1_uff_E=972.74,-8.2,13.208,10.761
PRKACA_prepared_1_uff_E=1373.11,-8.2,8.264,5.267
PRKACA_prepared_0_uff_E=215.74,-7.8,3.079,2.425
PRKACA_prepared_0_uff_E=941.88,-7.3,2.351,1.693
PRKACA_prepared_1_uff_E=277.76,-4.4,2.254,1.796
PRKACA_prepared_1_uff_E=100.93,-3.9,24.959,24.054
PRKACA_prepared_0_uff_E=31.09,-3.6,11.459,10.572
PRKACA_prepared_1_uff_E=804.69,-8.8,8.849,3.459
PRKACA_prepared_1_uff_E=1395.80,-8.4,9.06,6.219
PRKACA_prepared_1_uff_E=1373.11,-8.2,10.288,6.363
PRKACA_prepared_1_uff_E=1339.26,-8.1,14.02,11.04
PRKACA_prepared_1_uff_E=972.74,-8.0,6.449,3.88
PRKACA_prepared_0_uff_E=215.74,-7.8,2.449,1.73
PRKACA_prepared_0_uff_E=941.88,-7.3,15.726,14.361
PRKACA_prepared_1_uff_E=277.76,-4.4,8.782,5.595
PRKACA_prepared_1_uff_E=100.93,-3.9,17.373,16.237
PRKACA_prepared_0_uff_E=31.09,-3.4,11.495,11.061
PRKACA_prepared_1_uff_E=1395.80,-8.3,3.185,2.19
PRKACA_prepared_1_uff_E=804.69,-8.2,2.509,1.784
PRKACA_prepared_1_uff_E=1339.26,-8.0,16.486,12.958
PRKACA_prepared_1_uff_E=1373.11,-8.0,7.787,5.558
PRKACA_prepared_1_uff_E=972.74,-7.9,23.457,20.679
PRKACA_prepared_0_uff_E=215.74,-7.5,8.672,5.017
PRKACA_prepared_0_uff_E=941.88,-7.2,31.629,28.726
PRKACA_prepared_1_uff_E=277.76,-4.3,27.849,25.967
PRKACA_prepared_1_uff_E=100.93,-3.8,22.244,21.422
PRKACA_prepared_0_uff_E=31.09,-3.4,11.222,10.552
PRKACA_prepared_1_uff_E=804.69,-8.2,8.596,3.193
PRKACA_prepared_1_uff_E=1395.80,-8.1,10.932,7.248
PRKACA_prepared_1_uff_E=1339.26,-7.9,4.509,2.76
PRKACA_prepared_1_uff_E=1373.11,-7.9,10.684,8.236
PRKACA_prepared_0_uff_E=215.74,-7.4,7.801,4.506
PRKACA_prepared_0_uff_E=941.88,-7.2,46.183,43.581
PRKACA_prepared_1_uff_E=972.74,-7.1,35.12,33.124
PRKACA_prepared_1_uff_E=277.76,-4.2,10.832,8.727
PRKACA_prepared_1_uff_E=100.93,-3.8,5.045,4.458
PRKACA_prepared_0_uff_E=31.09,-3.4,18.16,17.868
PRKACA_prepared_1_uff_E=804.69,-8.1,4.739,2.379
PRKACA_prepared_1_uff_E=1395.80,-8.0,8.81,5.342
PRKACA_prepared_1_uff_E=1339.26,-7.8,7.781,4.739
PRKACA_prepared_1_uff_E=1373.11,-7.8,10.582,7.628
PRKACA_prepared_0_uff_E=215.74,-7.3,28.647,25.979
PRKACA_prepared_0_uff_E=941.88,-7.1,31.634,28.757
PRKACA_prepared_1_uff_E=972.74,-7.0,7.295,4.671
PRKACA_prepared_1_uff_E=277.76,-4.2,18.794,16.895
PRKACA_prepared_1_uff_E=100.93,-3.8,2.685,2.352
PRKACA_prepared_0_uff_E=31.09,-3.4,16.577,15.88
