Ligand,Binding Affinity,rmsd/ub, rmsd/lb
PRKACA_prepared_1_uff_E=892.84,-9.6,0.0,0.0
PRKACA_prepared_1_uff_E=804.69,-9.3,0.0,0.0
PRKACA_prepared_1_uff_E=1373.11,-9.0,0.0,0.0
PRKACA_prepared_1_uff_E=1395.80,-9.0,0.0,0.0
PRKACA_prepared_0_uff_E=941.88,-8.9,0.0,0.0
PRKACA_prepared_0_uff_E=215.74,-8.7,0.0,0.0
PRKACA_prepared_1_uff_E=1339.26,-8.5,0.0,0.0
PRKACA_prepared_1_uff_E=277.76,-5.1,0.0,0.0
PRKACA_prepared_1_uff_E=100.34,-4.4,0.0,0.0
PRKACA_prepared_0_uff_E=31.09,-3.9,0.0,0.0
PRKACA_prepared_1_uff_E=892.84,-9.5,9.539,3.771
PRKACA_prepared_1_uff_E=1373.11,-9.0,3.014,1.777
PRKACA_prepared_1_uff_E=1395.80,-9.0,2.926,1.811
PRKACA_prepared_0_uff_E=215.74,-8.6,2.117,1.138
PRKACA_prepared_1_uff_E=1339.26,-8.3,6.924,4.36
PRKACA_prepared_0_uff_E=941.88,-8.2,2.198,0.979
PRKACA_prepared_1_uff_E=804.69,-7.8,8.266,3.385
PRKACA_prepared_1_uff_E=277.76,-4.9,2.601,2.157
PRKACA_prepared_1_uff_E=100.34,-4.0,34.411,33.527
PRKACA_prepared_0_uff_E=31.09,-3.6,23.902,23.47
PRKACA_prepared_1_uff_E=892.84,-9.4,2.124,0.995
PRKACA_prepared_1_uff_E=1395.80,-9.0,8.451,5.023
PRKACA_prepared_1_uff_E=1373.11,-8.9,3.535,2.273
PRKACA_prepared_1_uff_E=1339.26,-8.3,6.83,4.452
PRKACA_prepared_0_uff_E=215.74,-8.0,5.782,3.597
PRKACA_prepared_0_uff_E=941.88,-7.6,32.37,31.05
PRKACA_prepared_1_uff_E=804.69,-7.3,29.434,26.023
PRKACA_prepared_1_uff_E=277.76,-4.8,28.15,26.347
PRKACA_prepared_1_uff_E=100.34,-4.0,25.908,25.276
PRKACA_prepared_0_uff_E=31.09,-3.5,3.834,2.814
PRKACA_prepared_1_uff_E=892.84,-9.3,2.625,1.662
PRKACA_prepared_1_uff_E=1395.80,-8.9,6.64,4.265
PRKACA_prepared_1_uff_E=1373.11,-8.8,8.322,5.003
PRKACA_prepared_1_uff_E=1339.26,-8.3,6.02,3.238
PRKACA_prepared_0_uff_E=941.88,-7.6,30.581,29.364
PRKACA_prepared_0_uff_E=215.74,-7.3,28.615,25.897
PRKACA_prepared_1_uff_E=804.69,-6.9,14.153,10.872
PRKACA_prepared_1_uff_E=277.76,-4.7,11.356,8.18
PRKACA_prepared_1_uff_E=100.34,-4.0,26.988,26.4
PRKACA_prepared_0_uff_E=31.09,-3.4,3.729,3.558
PRKACA_prepared_1_uff_E=892.84,-9.2,3.046,1.922
PRKACA_prepared_1_uff_E=1373.11,-8.7,3.398,2.17
PRKACA_prepared_1_uff_E=1395.80,-8.7,3.954,2.323
PRKACA_prepared_1_uff_E=1339.26,-8.2,4.922,3.077
PRKACA_prepared_0_uff_E=941.88,-7.5,32.299,30.995
PRKACA_prepared_0_uff_E=215.74,-7.3,5.809,3.506
PRKACA_prepared_1_uff_E=804.69,-6.9,32.276,29.129
PRKACA_prepared_1_uff_E=277.76,-4.7,4.784,3.427
PRKACA_prepared_1_uff_E=100.34,-4.0,24.76,24.157
PRKACA_prepared_0_uff_E=31.09,-3.4,22.932,22.471
PRKACA_prepared_1_uff_E=892.84,-8.7,16.2,10.757
PRKACA_prepared_1_uff_E=1395.80,-8.6,9.829,6.132
PRKACA_prepared_1_uff_E=1373.11,-8.4,9.74,6.048
PRKACA_prepared_1_uff_E=1339.26,-8.2,4.04,2.789
PRKACA_prepared_0_uff_E=941.88,-7.3,20.982,19.509
PRKACA_prepared_0_uff_E=215.74,-7.2,12.712,7.556
PRKACA_prepared_1_uff_E=804.69,-6.8,34.015,30.62
PRKACA_prepared_1_uff_E=277.76,-4.6,13.944,11.823
PRKACA_prepared_1_uff_E=100.34,-3.9,2.672,2.301
PRKACA_prepared_0_uff_E=31.09,-3.3,28.227,27.519
PRKACA_prepared_1_uff_E=1395.80,-8.5,4.135,2.684
PRKACA_prepared_1_uff_E=892.84,-8.5,4.286,3.031
PRKACA_prepared_1_uff_E=1373.11,-8.4,4.472,2.695
PRKACA_prepared_1_uff_E=1339.26,-8.1,13.868,11.141
PRKACA_prepared_0_uff_E=941.88,-7.2,30.11,29.07
PRKACA_prepared_0_uff_E=215.74,-7.2,29.788,27.295
PRKACA_prepared_1_uff_E=804.69,-6.7,34.381,30.874
PRKACA_prepared_1_uff_E=277.76,-4.6,7.399,2.734
PRKACA_prepared_1_uff_E=100.34,-3.9,26.772,26.191
PRKACA_prepared_0_uff_E=31.09,-3.3,25.669,25.076
PRKACA_prepared_1_uff_E=892.84,-8.5,9.415,5.885
PRKACA_prepared_1_uff_E=1373.11,-8.4,4.456,2.742
PRKACA_prepared_1_uff_E=1395.80,-8.4,9.875,6.489
PRKACA_prepared_1_uff_E=1339.26,-8.0,5.163,2.893
PRKACA_prepared_0_uff_E=941.88,-7.2,20.991,19.528
PRKACA_prepared_0_uff_E=215.74,-7.1,29.891,27.25
PRKACA_prepared_1_uff_E=804.69,-6.6,33.227,29.307
PRKACA_prepared_1_uff_E=277.76,-4.5,10.239,7.459
PRKACA_prepared_1_uff_E=100.34,-3.8,28.317,27.598
PRKACA_prepared_0_uff_E=31.09,-3.3,25.163,24.569
PRKACA_prepared_1_uff_E=892.84,-8.5,12.682,9.113
PRKACA_prepared_1_uff_E=1373.11,-8.3,11.447,7.519
PRKACA_prepared_1_uff_E=1395.80,-8.3,10.158,7.325
PRKACA_prepared_1_uff_E=1339.26,-7.9,6.175,3.629
PRKACA_prepared_0_uff_E=215.74,-7.1,29.714,27.07
PRKACA_prepared_0_uff_E=941.88,-7.0,30.84,29.79
PRKACA_prepared_1_uff_E=804.69,-6.6,25.569,20.742
PRKACA_prepared_1_uff_E=277.76,-4.5,12.865,10.766
PRKACA_prepared_1_uff_E=100.34,-3.8,29.574,28.799
PRKACA_prepared_0_uff_E=31.09,-3.3,23.485,22.782
