Ligand,Binding Affinity,rmsd/ub, rmsd/lb
PRKAR1A_prepared_1_uff_E=100.93,-4.8,0.0,0.0
PRKAR1A_prepared_1_uff_E=100.34,-4.8,0.0,0.0
PRKAR1A_prepared_1_uff_E=100.34,-4.6,2.159,1.902
PRKAR1A_prepared_1_uff_E=100.93,-4.5,3.524,2.748
PRKAR1A_prepared_1_uff_E=100.93,-4.4,2.541,2.109
PRKAR1A_prepared_1_uff_E=100.34,-4.4,5.808,4.771
PRKAR1A_prepared_1_uff_E=100.93,-4.3,5.568,4.73
PRKAR1A_prepared_1_uff_E=100.34,-4.2,3.218,2.792
PRKAR1A_prepared_1_uff_E=100.93,-4.3,4.586,3.517
PRKAR1A_prepared_1_uff_E=100.34,-4.2,3.928,3.09
PRKAR1A_prepared_1_uff_E=100.93,-4.0,10.494,9.837
PRKAR1A_prepared_1_uff_E=100.34,-3.9,10.829,10.163
PRKAR1A_prepared_1_uff_E=100.93,-3.8,6.011,4.962
PRKAR1A_prepared_1_uff_E=100.34,-3.7,11.758,10.923
PRKAR1A_prepared_1_uff_E=100.93,-3.6,10.849,9.909
PRKAR1A_prepared_1_uff_E=100.34,-3.6,11.613,10.498
PRKAR1A_prepared_1_uff_E=100.93,-3.6,14.441,13.629
PRKAR1A_prepared_1_uff_E=100.34,-3.5,15.445,14.734
