Ligand,Binding Affinity,rmsd/ub, rmsd/lb
HRAS_prepared_1_uff_E=1556.46,-10.6,0.0,0.0
HRAS_prepared_1_uff_E=1373.11,-10.3,0.0,0.0
HRAS_prepared_1_uff_E=1339.26,-10.2,0.0,0.0
HRAS_prepared_1_uff_E=637.53,-8.9,0.0,0.0
HRAS_prepared_1_uff_E=804.69,-8.5,0.0,0.0
HRAS_prepared_0_uff_E=494.32,-8.0,0.0,0.0
HRAS_prepared_1_uff_E=369.40,-6.7,0.0,0.0
HRAS_prepared_1_uff_E=277.76,-5.4,0.0,0.0
HRAS_prepared_1_uff_E=100.34,-4.8,0.0,0.0
HRAS_prepared_0_uff_E=31.09,-4.1,0.0,0.0
HRAS_prepared_1_uff_E=1556.46,-9.9,2.056,1.155
HRAS_prepared_1_uff_E=1373.11,-9.1,2.296,1.481
HRAS_prepared_1_uff_E=1339.26,-8.8,2.531,1.538
HRAS_prepared_1_uff_E=637.53,-8.8,4.549,1.903
HRAS_prepared_1_uff_E=804.69,-8.0,8.619,3.296
HRAS_prepared_0_uff_E=494.32,-7.6,5.303,2.752
HRAS_prepared_1_uff_E=369.40,-6.7,4.298,2.842
HRAS_prepared_1_uff_E=277.76,-5.3,8.878,5.332
HRAS_prepared_1_uff_E=100.34,-4.7,2.19,1.569
HRAS_prepared_0_uff_E=31.09,-4.1,11.663,10.984
HRAS_prepared_1_uff_E=1556.46,-9.6,2.525,1.355
HRAS_prepared_1_uff_E=1339.26,-8.7,9.54,6.372
HRAS_prepared_1_uff_E=1373.11,-8.7,8.571,6.17
HRAS_prepared_1_uff_E=637.53,-8.2,3.599,2.396
HRAS_prepared_0_uff_E=494.32,-7.6,1.719,1.134
HRAS_prepared_1_uff_E=804.69,-7.4,3.216,1.83
HRAS_prepared_1_uff_E=369.40,-6.4,3.011,1.915
HRAS_prepared_1_uff_E=277.76,-5.2,1.793,1.273
HRAS_prepared_1_uff_E=100.34,-4.6,1.567,1.111
HRAS_prepared_0_uff_E=31.09,-4.0,11.896,11.285
HRAS_prepared_1_uff_E=1556.46,-8.8,8.949,5.518
HRAS_prepared_1_uff_E=1373.11,-8.5,8.884,5.595
HRAS_prepared_1_uff_E=1339.26,-8.3,8.724,5.892
HRAS_prepared_1_uff_E=637.53,-7.9,2.399,1.487
HRAS_prepared_0_uff_E=494.32,-7.5,3.46,1.649
HRAS_prepared_1_uff_E=804.69,-7.4,2.359,1.1
HRAS_prepared_1_uff_E=369.40,-6.4,2.906,1.703
HRAS_prepared_1_uff_E=277.76,-5.1,2.707,1.98
HRAS_prepared_1_uff_E=100.34,-4.4,10.947,10.328
HRAS_prepared_0_uff_E=31.09,-3.8,21.777,21.036
HRAS_prepared_1_uff_E=1556.46,-8.7,3.93,2.499
HRAS_prepared_1_uff_E=1373.11,-8.5,9.051,5.498
HRAS_prepared_1_uff_E=1339.26,-8.2,3.094,1.966
HRAS_prepared_1_uff_E=637.53,-7.9,4.762,2.265
HRAS_prepared_0_uff_E=494.32,-7.4,3.298,1.625
HRAS_prepared_1_uff_E=804.69,-7.4,2.886,1.445
HRAS_prepared_1_uff_E=369.40,-6.1,20.296,17.402
HRAS_prepared_1_uff_E=277.76,-5.0,3.037,1.889
HRAS_prepared_1_uff_E=100.34,-4.4,2.581,2.333
HRAS_prepared_0_uff_E=31.09,-3.8,9.97,9.386
HRAS_prepared_1_uff_E=1556.46,-8.6,3.653,2.069
HRAS_prepared_1_uff_E=1339.26,-8.1,11.101,9.101
HRAS_prepared_1_uff_E=1373.11,-8.1,6.284,4.059
HRAS_prepared_1_uff_E=637.53,-7.7,7.345,4.871
HRAS_prepared_0_uff_E=494.32,-7.4,4.004,2.245
HRAS_prepared_1_uff_E=804.69,-6.6,8.215,3.205
HRAS_prepared_1_uff_E=369.40,-6.1,21.098,19.055
HRAS_prepared_1_uff_E=277.76,-5.0,3.086,1.832
HRAS_prepared_1_uff_E=100.34,-4.3,2.88,2.364
HRAS_prepared_0_uff_E=31.09,-3.7,13.199,12.522
HRAS_prepared_1_uff_E=1556.46,-8.5,3.848,2.105
HRAS_prepared_1_uff_E=1373.11,-8.0,8.687,6.278
HRAS_prepared_1_uff_E=1339.26,-7.9,5.087,3.094
HRAS_prepared_1_uff_E=637.53,-7.7,8.225,4.521
HRAS_prepared_0_uff_E=494.32,-7.2,4.034,2.107
HRAS_prepared_1_uff_E=804.69,-6.5,16.946,13.145
HRAS_prepared_1_uff_E=369.40,-6.1,9.86,6.833
HRAS_prepared_1_uff_E=277.76,-4.9,2.908,1.603
HRAS_prepared_1_uff_E=100.34,-4.2,11.955,11.324
HRAS_prepared_0_uff_E=31.09,-3.6,2.773,2.126
HRAS_prepared_1_uff_E=1556.46,-8.2,9.847,6.141
HRAS_prepared_1_uff_E=1339.26,-7.9,4.251,2.408
HRAS_prepared_1_uff_E=1373.11,-7.8,7.009,4.494
HRAS_prepared_1_uff_E=637.53,-7.6,6.529,4.451
HRAS_prepared_0_uff_E=494.32,-7.1,4.733,2.838
HRAS_prepared_1_uff_E=804.69,-6.4,17.328,13.769
HRAS_prepared_1_uff_E=369.40,-6.0,4.103,2.489
HRAS_prepared_1_uff_E=277.76,-4.9,3.02,1.996
HRAS_prepared_1_uff_E=100.34,-4.2,12.396,11.855
HRAS_prepared_0_uff_E=31.09,-3.6,22.06,21.539
HRAS_prepared_1_uff_E=1556.46,-8.1,8.969,5.077
HRAS_prepared_1_uff_E=1339.26,-7.8,3.187,2.041
HRAS_prepared_1_uff_E=1373.11,-7.7,7.984,5.006
HRAS_prepared_1_uff_E=637.53,-7.6,7.245,4.001
HRAS_prepared_0_uff_E=494.32,-6.9,4.655,2.468
HRAS_prepared_1_uff_E=804.69,-6.1,5.855,3.873
HRAS_prepared_1_uff_E=369.40,-5.9,9.073,5.582
HRAS_prepared_1_uff_E=277.76,-4.7,2.957,1.966
HRAS_prepared_1_uff_E=100.34,-4.2,11.805,11.141
HRAS_prepared_0_uff_E=31.09,-3.2,23.628,22.841
