Ligand,Binding Affinity,rmsd/ub, rmsd/lb
GNAQ_prepared_1_uff_E=1373.11,-9.1,0.0,0.0
GNAQ_prepared_1_uff_E=1556.46,-9.0,0.0,0.0
GNAQ_prepared_1_uff_E=804.69,-9.0,0.0,0.0
GNAQ_prepared_1_uff_E=1339.26,-8.7,0.0,0.0
GNAQ_prepared_1_uff_E=637.53,-8.4,0.0,0.0
GNAQ_prepared_1_uff_E=369.40,-6.4,0.0,0.0
GNAQ_prepared_0_uff_E=494.32,-5.7,0.0,0.0
GNAQ_prepared_1_uff_E=277.76,-4.7,0.0,0.0
GNAQ_prepared_1_uff_E=100.34,-4.3,0.0,0.0
GNAQ_prepared_0_uff_E=31.09,-3.8,0.0,0.0
GNAQ_prepared_1_uff_E=1373.11,-9.0,12.911,8.067
GNAQ_prepared_1_uff_E=1339.26,-8.6,6.921,3.629
GNAQ_prepared_1_uff_E=1556.46,-8.4,8.092,3.546
GNAQ_prepared_1_uff_E=804.69,-8.3,7.826,3.352
GNAQ_prepared_1_uff_E=637.53,-8.1,4.704,2.391
GNAQ_prepared_1_uff_E=369.40,-6.4,3.155,1.962
GNAQ_prepared_0_uff_E=494.32,-5.6,46.637,44.055
GNAQ_prepared_1_uff_E=277.76,-4.6,2.35,2.036
GNAQ_prepared_1_uff_E=100.34,-4.1,34.308,33.851
GNAQ_prepared_0_uff_E=31.09,-3.7,32.294,31.735
GNAQ_prepared_1_uff_E=1373.11,-8.8,9.352,4.557
GNAQ_prepared_1_uff_E=1339.26,-8.6,5.898,3.765
GNAQ_prepared_1_uff_E=1556.46,-8.4,6.341,4.314
GNAQ_prepared_1_uff_E=804.69,-8.1,18.457,15.882
GNAQ_prepared_1_uff_E=637.53,-7.8,7.097,4.071
GNAQ_prepared_1_uff_E=369.40,-6.1,6.997,4.077
GNAQ_prepared_0_uff_E=494.32,-5.6,7.555,5.664
GNAQ_prepared_1_uff_E=277.76,-4.5,4.318,3.56
GNAQ_prepared_1_uff_E=100.34,-4.0,34.285,33.772
GNAQ_prepared_0_uff_E=31.09,-3.5,32.1,31.532
GNAQ_prepared_1_uff_E=1339.26,-8.6,4.751,3.062
GNAQ_prepared_1_uff_E=1373.11,-8.6,13.082,8.216
GNAQ_prepared_1_uff_E=1556.46,-8.3,10.6,7.213
GNAQ_prepared_1_uff_E=804.69,-8.0,4.124,2.331
GNAQ_prepared_1_uff_E=637.53,-7.8,6.835,3.725
GNAQ_prepared_1_uff_E=369.40,-6.0,7.354,4.98
GNAQ_prepared_0_uff_E=494.32,-5.4,50.12,47.896
GNAQ_prepared_1_uff_E=277.76,-4.5,5.47,3.573
GNAQ_prepared_1_uff_E=100.34,-3.9,33.215,32.446
GNAQ_prepared_0_uff_E=31.09,-3.5,32.86,32.584
GNAQ_prepared_1_uff_E=1339.26,-8.5,7.306,5.126
GNAQ_prepared_1_uff_E=1373.11,-8.4,2.896,2.174
GNAQ_prepared_1_uff_E=1556.46,-8.3,6.82,4.406
GNAQ_prepared_1_uff_E=804.69,-7.8,16.791,11.46
GNAQ_prepared_1_uff_E=637.53,-7.4,6.936,3.67
GNAQ_prepared_1_uff_E=369.40,-5.8,8.17,6.116
GNAQ_prepared_0_uff_E=494.32,-5.3,33.817,30.708
GNAQ_prepared_1_uff_E=277.76,-4.5,34.996,33.107
GNAQ_prepared_1_uff_E=100.34,-3.9,27.387,26.555
GNAQ_prepared_0_uff_E=31.09,-3.5,23.169,22.625
GNAQ_prepared_1_uff_E=1339.26,-8.3,4.384,2.751
GNAQ_prepared_1_uff_E=1373.11,-8.3,4.063,2.532
GNAQ_prepared_1_uff_E=1556.46,-8.2,8.468,4.853
GNAQ_prepared_1_uff_E=804.69,-7.4,15.92,10.79
GNAQ_prepared_1_uff_E=637.53,-7.0,38.413,36.06
GNAQ_prepared_1_uff_E=369.40,-5.8,20.087,16.78
GNAQ_prepared_0_uff_E=494.32,-5.3,49.549,47.336
GNAQ_prepared_1_uff_E=277.76,-4.5,5.345,2.554
GNAQ_prepared_1_uff_E=100.34,-3.9,16.977,16.4
GNAQ_prepared_0_uff_E=31.09,-3.5,15.59,14.949
GNAQ_prepared_1_uff_E=1339.26,-8.3,10.696,6.533
GNAQ_prepared_1_uff_E=1373.11,-8.3,11.688,7.099
GNAQ_prepared_1_uff_E=1556.46,-7.9,5.972,2.952
GNAQ_prepared_1_uff_E=804.69,-7.3,19.287,14.416
GNAQ_prepared_1_uff_E=637.53,-6.9,7.268,4.043
GNAQ_prepared_1_uff_E=369.40,-5.8,20.037,16.575
GNAQ_prepared_0_uff_E=494.32,-5.2,48.514,46.309
GNAQ_prepared_1_uff_E=277.76,-4.5,35.241,33.096
GNAQ_prepared_1_uff_E=100.34,-3.8,27.444,26.507
GNAQ_prepared_0_uff_E=31.09,-3.4,16.268,15.39
GNAQ_prepared_1_uff_E=1339.26,-8.3,8.083,4.127
GNAQ_prepared_1_uff_E=1373.11,-8.3,9.201,6.553
GNAQ_prepared_1_uff_E=1556.46,-7.7,14.936,11.646
GNAQ_prepared_1_uff_E=804.69,-7.1,18.832,13.734
GNAQ_prepared_1_uff_E=637.53,-6.7,26.444,24.315
GNAQ_prepared_1_uff_E=369.40,-5.8,65.554,63.349
GNAQ_prepared_0_uff_E=494.32,-5.2,22.714,19.894
GNAQ_prepared_1_uff_E=277.76,-4.5,10.817,7.541
GNAQ_prepared_1_uff_E=100.34,-3.8,27.201,26.522
GNAQ_prepared_0_uff_E=31.09,-3.4,32.447,31.955
GNAQ_prepared_1_uff_E=1373.11,-8.3,16.386,13.122
GNAQ_prepared_1_uff_E=1339.26,-8.2,11.309,7.163
GNAQ_prepared_1_uff_E=1556.46,-7.7,5.295,2.559
GNAQ_prepared_1_uff_E=804.69,-7.1,17.923,14.016
GNAQ_prepared_1_uff_E=637.53,-6.3,52.536,48.458
GNAQ_prepared_1_uff_E=369.40,-5.7,7.287,5.054
GNAQ_prepared_0_uff_E=494.32,-5.2,48.321,46.287
GNAQ_prepared_1_uff_E=277.76,-4.4,3.595,2.44
GNAQ_prepared_1_uff_E=100.34,-3.8,17.34,16.661
GNAQ_prepared_0_uff_E=31.09,-3.3,46.087,45.653
