Ligand,Binding Affinity,rmsd/ub, rmsd/lb
GNA11_prepared_1_uff_E=1395.80,-9.5,0.0,0.0
GNA11_prepared_1_uff_E=1395.80,-9.4,7.023,4.603
GNA11_prepared_1_uff_E=1395.80,-9.3,2.832,1.735
GNA11_prepared_1_uff_E=1395.80,-9.3,6.511,3.648
GNA11_prepared_1_uff_E=1395.80,-9.1,2.418,1.367
GNA11_prepared_1_uff_E=1395.80,-8.9,9.425,6.167
GNA11_prepared_1_uff_E=1395.80,-8.6,9.357,6.02
GNA11_prepared_1_uff_E=1395.80,-8.5,10.555,7.466
GNA11_prepared_1_uff_E=1395.80,-8.4,10.566,8.886
GNA11_prepared_1_uff_E=277.76,-4.8,0.0,0.0
GNA11_prepared_1_uff_E=277.76,-4.8,35.622,34.1
GNA11_prepared_1_uff_E=277.76,-4.7,26.985,25.951
GNA11_prepared_1_uff_E=277.76,-4.7,2.467,2.102
GNA11_prepared_1_uff_E=277.76,-4.5,28.136,26.992
GNA11_prepared_1_uff_E=277.76,-4.5,41.223,39.498
GNA11_prepared_1_uff_E=277.76,-4.5,27.097,26.078
GNA11_prepared_1_uff_E=277.76,-4.5,27.415,26.216
GNA11_prepared_1_uff_E=277.76,-4.4,26.169,24.338
GNA11_prepared_0_uff_E=31.09,-3.7,0.0,0.0
GNA11_prepared_0_uff_E=31.09,-3.6,32.881,32.63
GNA11_prepared_0_uff_E=31.09,-3.6,35.017,34.443
GNA11_prepared_0_uff_E=31.09,-3.4,32.585,32.135
GNA11_prepared_0_uff_E=31.09,-3.4,70.43,69.953
GNA11_prepared_0_uff_E=31.09,-3.4,44.572,44.219
GNA11_prepared_0_uff_E=31.09,-3.4,35.174,34.631
GNA11_prepared_0_uff_E=31.09,-3.3,31.996,31.49
GNA11_prepared_0_uff_E=31.09,-3.3,40.803,40.25
GNA11_prepared_1_uff_E=1339.26,-9.2,0.0,0.0
GNA11_prepared_1_uff_E=1339.26,-9.1,8.821,4.639
GNA11_prepared_1_uff_E=1339.26,-8.9,2.361,1.281
GNA11_prepared_1_uff_E=1339.26,-8.9,9.696,7.966
GNA11_prepared_1_uff_E=1339.26,-8.8,9.79,8.025
GNA11_prepared_1_uff_E=1339.26,-8.7,9.13,6.667
GNA11_prepared_1_uff_E=1339.26,-8.6,6.064,3.924
GNA11_prepared_1_uff_E=1339.26,-8.5,8.842,6.025
GNA11_prepared_1_uff_E=1339.26,-8.5,9.634,8.179
GNA11_prepared_1_uff_E=804.69,-8.0,0.0,0.0
GNA11_prepared_1_uff_E=804.69,-7.9,3.76,1.429
GNA11_prepared_1_uff_E=804.69,-7.7,3.081,1.926
GNA11_prepared_1_uff_E=804.69,-7.7,7.469,3.006
GNA11_prepared_1_uff_E=804.69,-7.6,31.208,28.985
GNA11_prepared_1_uff_E=804.69,-7.5,26.417,24.13
GNA11_prepared_1_uff_E=804.69,-7.4,5.27,3.297
GNA11_prepared_1_uff_E=804.69,-7.4,7.717,3.612
GNA11_prepared_1_uff_E=804.69,-7.4,32.804,30.237
GNA11_prepared_0_uff_E=941.88,-9.4,0.0,0.0
GNA11_prepared_0_uff_E=941.88,-9.1,2.541,1.525
GNA11_prepared_0_uff_E=941.88,-8.6,6.08,4.307
GNA11_prepared_0_uff_E=941.88,-8.5,6.375,4.64
GNA11_prepared_0_uff_E=941.88,-8.3,7.284,3.974
GNA11_prepared_0_uff_E=941.88,-8.1,7.48,4.056
GNA11_prepared_0_uff_E=941.88,-8.1,7.455,3.959
GNA11_prepared_0_uff_E=941.88,-7.8,6.024,4.612
GNA11_prepared_0_uff_E=941.88,-7.5,6.353,4.325
GNA11_prepared_0_uff_E=215.74,-8.1,0.0,0.0
GNA11_prepared_0_uff_E=215.74,-8.1,3.45,2.571
GNA11_prepared_0_uff_E=215.74,-8.0,2.619,2.338
GNA11_prepared_0_uff_E=215.74,-7.6,15.443,13.056
GNA11_prepared_0_uff_E=215.74,-7.6,6.673,3.869
GNA11_prepared_0_uff_E=215.74,-7.3,18.463,17.045
GNA11_prepared_0_uff_E=215.74,-7.3,13.301,10.923
GNA11_prepared_0_uff_E=215.74,-7.2,11.717,6.451
GNA11_prepared_0_uff_E=215.74,-6.8,18.625,15.465
GNA11_prepared_1_uff_E=972.74,-7.9,0.0,0.0
GNA11_prepared_1_uff_E=972.74,-7.7,33.188,31.675
GNA11_prepared_1_uff_E=972.74,-7.3,5.814,4.761
GNA11_prepared_1_uff_E=972.74,-7.3,15.641,13.829
GNA11_prepared_1_uff_E=972.74,-7.2,10.059,8.047
GNA11_prepared_1_uff_E=972.74,-7.2,33.5,31.957
GNA11_prepared_1_uff_E=972.74,-7.2,16.658,15.71
GNA11_prepared_1_uff_E=972.74,-7.1,16.656,14.82
GNA11_prepared_1_uff_E=972.74,-7.0,16.414,14.534
GNA11_prepared_1_uff_E=100.93,-4.8,0.0,0.0
GNA11_prepared_1_uff_E=100.93,-4.5,2.229,1.984
GNA11_prepared_1_uff_E=100.93,-4.3,2.361,1.961
GNA11_prepared_1_uff_E=100.93,-4.2,4.379,3.356
GNA11_prepared_1_uff_E=100.93,-4.2,4.441,3.392
GNA11_prepared_1_uff_E=100.93,-4.2,30.49,29.462
GNA11_prepared_1_uff_E=100.93,-4.2,12.867,12.04
GNA11_prepared_1_uff_E=100.93,-4.2,13.768,12.499
GNA11_prepared_1_uff_E=100.93,-4.1,27.961,26.803
GNA11_prepared_1_uff_E=1373.11,-9.7,0.0,0.0
GNA11_prepared_1_uff_E=1373.11,-9.6,4.707,2.839
GNA11_prepared_1_uff_E=1373.11,-9.5,6.491,4.071
GNA11_prepared_1_uff_E=1373.11,-9.4,6.781,4.409
GNA11_prepared_1_uff_E=1373.11,-9.2,15.331,12.361
GNA11_prepared_1_uff_E=1373.11,-9.2,11.957,9.055
GNA11_prepared_1_uff_E=1373.11,-9.2,14.919,12.32
GNA11_prepared_1_uff_E=1373.11,-9.0,12.576,9.388
GNA11_prepared_1_uff_E=1373.11,-9.0,6.645,3.912
