Ligand,Binding Affinity,rmsd/ub, rmsd/lb
GNA11_prepared_1_uff_E=1339.26,-9.3,0.0,0.0
GNA11_prepared_1_uff_E=637.53,-8.6,0.0,0.0
GNA11_prepared_1_uff_E=1556.46,-8.4,0.0,0.0
GNA11_prepared_1_uff_E=804.69,-8.1,0.0,0.0
GNA11_prepared_1_uff_E=1373.11,-7.4,0.0,0.0
GNA11_prepared_1_uff_E=369.40,-6.8,0.0,0.0
GNA11_prepared_0_uff_E=494.32,-6.3,0.0,0.0
GNA11_prepared_1_uff_E=277.76,-5.0,0.0,0.0
GNA11_prepared_1_uff_E=100.34,-4.6,0.0,0.0
GNA11_prepared_0_uff_E=31.09,-3.7,0.0,0.0
GNA11_prepared_1_uff_E=1339.26,-8.8,2.454,1.201
GNA11_prepared_1_uff_E=1556.46,-8.4,2.492,1.808
GNA11_prepared_1_uff_E=637.53,-8.3,4.743,2.507
GNA11_prepared_1_uff_E=804.69,-7.9,2.757,1.599
GNA11_prepared_1_uff_E=1373.11,-7.3,28.883,27.443
GNA11_prepared_1_uff_E=369.40,-6.5,17.962,16.843
GNA11_prepared_0_uff_E=494.32,-6.1,5.6,3.012
GNA11_prepared_1_uff_E=277.76,-4.9,2.759,1.937
GNA11_prepared_1_uff_E=100.34,-4.3,4.756,3.811
GNA11_prepared_0_uff_E=31.09,-3.6,70.277,70.018
GNA11_prepared_1_uff_E=1339.26,-8.7,3.749,2.64
GNA11_prepared_1_uff_E=1556.46,-8.4,5.582,3.686
GNA11_prepared_1_uff_E=637.53,-8.2,6.602,3.824
GNA11_prepared_1_uff_E=804.69,-7.7,7.599,3.023
GNA11_prepared_1_uff_E=1373.11,-7.2,30.881,28.449
GNA11_prepared_1_uff_E=369.40,-6.5,2.12,1.662
GNA11_prepared_0_uff_E=494.32,-5.8,4.011,3.084
GNA11_prepared_1_uff_E=277.76,-4.6,7.977,5.544
GNA11_prepared_1_uff_E=100.34,-4.2,59.172,58.473
GNA11_prepared_0_uff_E=31.09,-3.6,20.078,19.696
GNA11_prepared_1_uff_E=1339.26,-8.7,8.294,4.496
GNA11_prepared_1_uff_E=637.53,-8.2,6.625,3.666
GNA11_prepared_1_uff_E=1556.46,-8.1,4.461,2.012
GNA11_prepared_1_uff_E=804.69,-7.7,33.183,30.533
GNA11_prepared_1_uff_E=1373.11,-7.0,29.127,27.124
GNA11_prepared_1_uff_E=369.40,-6.5,6.109,2.569
GNA11_prepared_0_uff_E=494.32,-5.8,4.569,3.242
GNA11_prepared_1_uff_E=277.76,-4.6,13.019,9.689
GNA11_prepared_1_uff_E=100.34,-4.2,58.195,57.499
GNA11_prepared_0_uff_E=31.09,-3.5,7.021,6.239
GNA11_prepared_1_uff_E=1339.26,-8.7,8.089,4.518
GNA11_prepared_1_uff_E=1556.46,-7.9,6.882,3.809
GNA11_prepared_1_uff_E=637.53,-7.7,5.502,2.56
GNA11_prepared_1_uff_E=804.69,-7.6,31.064,28.9
GNA11_prepared_1_uff_E=1373.11,-7.0,29.893,27.161
GNA11_prepared_1_uff_E=369.40,-6.5,16.847,13.897
GNA11_prepared_0_uff_E=494.32,-5.3,7.111,4.061
GNA11_prepared_1_uff_E=277.76,-4.6,20.764,19.431
GNA11_prepared_1_uff_E=100.34,-4.2,62.676,61.834
GNA11_prepared_0_uff_E=31.09,-3.5,32.224,31.778
GNA11_prepared_1_uff_E=1339.26,-8.7,3.654,2.329
GNA11_prepared_1_uff_E=1556.46,-7.8,24.892,22.938
GNA11_prepared_1_uff_E=804.69,-7.5,34.437,31.797
GNA11_prepared_1_uff_E=637.53,-7.0,30.487,27.476
GNA11_prepared_1_uff_E=1373.11,-6.8,23.884,20.931
GNA11_prepared_1_uff_E=369.40,-6.4,16.493,14.383
GNA11_prepared_0_uff_E=494.32,-5.2,31.921,29.87
GNA11_prepared_1_uff_E=277.76,-4.5,20.724,19.409
GNA11_prepared_1_uff_E=100.34,-4.1,2.301,1.788
GNA11_prepared_0_uff_E=31.09,-3.4,7.872,7.225
GNA11_prepared_1_uff_E=1339.26,-8.6,7.942,3.966
GNA11_prepared_1_uff_E=1556.46,-7.5,29.943,27.346
GNA11_prepared_1_uff_E=804.69,-7.4,26.285,24.053
GNA11_prepared_1_uff_E=637.53,-7.0,6.78,3.307
GNA11_prepared_1_uff_E=1373.11,-6.8,28.907,27.318
GNA11_prepared_1_uff_E=369.40,-6.1,15.636,13.779
GNA11_prepared_0_uff_E=494.32,-5.1,8.417,5.469
GNA11_prepared_1_uff_E=277.76,-4.4,18.594,17.375
GNA11_prepared_1_uff_E=100.34,-4.1,44.607,43.901
GNA11_prepared_0_uff_E=31.09,-3.4,70.428,70.118
GNA11_prepared_1_uff_E=1339.26,-8.5,4.33,2.754
GNA11_prepared_1_uff_E=1556.46,-7.5,24.171,22.93
GNA11_prepared_1_uff_E=804.69,-7.4,32.029,30.141
GNA11_prepared_1_uff_E=637.53,-7.0,6.632,4.133
GNA11_prepared_1_uff_E=1373.11,-6.8,29.445,27.787
GNA11_prepared_1_uff_E=369.40,-6.0,20.459,17.198
GNA11_prepared_0_uff_E=494.32,-5.1,33.099,31.516
GNA11_prepared_1_uff_E=277.76,-4.4,13.722,11.545
GNA11_prepared_1_uff_E=100.34,-4.1,62.151,61.291
GNA11_prepared_0_uff_E=31.09,-3.4,31.641,31.19
GNA11_prepared_1_uff_E=1339.26,-8.3,10.423,8.974
GNA11_prepared_1_uff_E=1556.46,-7.4,26.074,23.556
GNA11_prepared_1_uff_E=804.69,-7.1,4.884,3.204
GNA11_prepared_1_uff_E=637.53,-6.9,6.804,4.474
GNA11_prepared_1_uff_E=1373.11,-6.7,26.915,24.746
GNA11_prepared_1_uff_E=369.40,-6.0,18.972,16.709
GNA11_prepared_0_uff_E=494.32,-5.1,32.775,30.582
GNA11_prepared_1_uff_E=277.76,-4.3,14.674,11.015
GNA11_prepared_1_uff_E=100.34,-4.1,44.104,43.202
GNA11_prepared_0_uff_E=31.09,-3.3,28.849,28.288
