Ligand,Binding Affinity,rmsd/ub, rmsd/lb
GNA11_prepared_1_uff_E=1373.11,-9.2,0.0,0.0
GNA11_prepared_1_uff_E=1395.80,-9.0,0.0,0.0
GNA11_prepared_1_uff_E=892.84,-8.8,0.0,0.0
GNA11_prepared_0_uff_E=941.88,-8.4,0.0,0.0
GNA11_prepared_1_uff_E=1339.26,-8.4,0.0,0.0
GNA11_prepared_1_uff_E=804.69,-8.3,0.0,0.0
GNA11_prepared_0_uff_E=215.74,-7.9,0.0,0.0
GNA11_prepared_1_uff_E=277.76,-4.9,0.0,0.0
GNA11_prepared_1_uff_E=100.34,-4.2,0.0,0.0
GNA11_prepared_0_uff_E=31.09,-3.6,0.0,0.0
GNA11_prepared_1_uff_E=1373.11,-9.1,4.726,2.615
GNA11_prepared_1_uff_E=1395.80,-8.9,2.373,1.858
GNA11_prepared_1_uff_E=892.84,-8.7,9.421,7.747
GNA11_prepared_1_uff_E=1339.26,-8.3,6.982,5.142
GNA11_prepared_1_uff_E=804.69,-8.0,3.054,1.59
GNA11_prepared_0_uff_E=941.88,-7.9,5.264,4.296
GNA11_prepared_0_uff_E=215.74,-7.8,7.824,2.228
GNA11_prepared_1_uff_E=277.76,-4.9,10.737,8.169
GNA11_prepared_1_uff_E=100.34,-4.2,30.755,29.912
GNA11_prepared_0_uff_E=31.09,-3.6,20.198,19.799
GNA11_prepared_1_uff_E=1373.11,-9.0,5.449,2.948
GNA11_prepared_1_uff_E=1395.80,-8.9,2.121,0.973
GNA11_prepared_1_uff_E=892.84,-8.6,9.799,6.782
GNA11_prepared_1_uff_E=1339.26,-8.1,8.769,6.516
GNA11_prepared_1_uff_E=804.69,-7.9,3.326,1.519
GNA11_prepared_0_uff_E=215.74,-7.8,7.696,2.207
GNA11_prepared_0_uff_E=941.88,-6.8,24.19,22.42
GNA11_prepared_1_uff_E=277.76,-4.8,3.618,2.568
GNA11_prepared_1_uff_E=100.34,-4.1,6.421,5.633
GNA11_prepared_0_uff_E=31.09,-3.5,71.273,70.854
GNA11_prepared_1_uff_E=1373.11,-8.8,13.071,11.58
GNA11_prepared_1_uff_E=1395.80,-8.5,10.388,7.566
GNA11_prepared_1_uff_E=892.84,-8.1,9.598,6.157
GNA11_prepared_1_uff_E=1339.26,-7.9,6.018,4.564
GNA11_prepared_1_uff_E=804.69,-7.6,7.254,3.032
GNA11_prepared_0_uff_E=215.74,-7.2,15.12,12.297
GNA11_prepared_0_uff_E=941.88,-6.5,25.099,23.641
GNA11_prepared_1_uff_E=277.76,-4.8,2.752,2.084
GNA11_prepared_1_uff_E=100.34,-4.1,6.496,6.008
GNA11_prepared_0_uff_E=31.09,-3.5,6.76,5.988
GNA11_prepared_1_uff_E=1373.11,-8.8,5.639,3.787
GNA11_prepared_1_uff_E=1395.80,-8.5,9.045,5.768
GNA11_prepared_1_uff_E=892.84,-8.1,10.122,6.664
GNA11_prepared_1_uff_E=1339.26,-7.8,6.212,4.535
GNA11_prepared_1_uff_E=804.69,-7.5,26.129,23.445
GNA11_prepared_0_uff_E=215.74,-6.8,15.764,12.783
GNA11_prepared_0_uff_E=941.88,-6.5,36.025,33.307
GNA11_prepared_1_uff_E=277.76,-4.8,8.419,6.119
GNA11_prepared_1_uff_E=100.34,-4.1,4.975,4.166
GNA11_prepared_0_uff_E=31.09,-3.5,32.324,31.129
GNA11_prepared_1_uff_E=1373.11,-8.7,7.695,4.404
GNA11_prepared_1_uff_E=1395.80,-8.4,9.43,7.293
GNA11_prepared_1_uff_E=892.84,-7.9,7.251,4.614
GNA11_prepared_1_uff_E=1339.26,-7.8,6.176,4.232
GNA11_prepared_1_uff_E=804.69,-7.4,31.037,28.564
GNA11_prepared_0_uff_E=215.74,-6.6,9.859,4.446
GNA11_prepared_0_uff_E=941.88,-6.4,25.164,23.65
GNA11_prepared_1_uff_E=277.76,-4.7,4.835,3.607
GNA11_prepared_1_uff_E=100.34,-4.1,2.042,1.603
GNA11_prepared_0_uff_E=31.09,-3.3,35.213,34.843
GNA11_prepared_1_uff_E=1373.11,-8.7,8.119,4.845
GNA11_prepared_1_uff_E=1395.80,-8.3,9.639,8.411
GNA11_prepared_1_uff_E=892.84,-7.8,7.588,3.122
GNA11_prepared_1_uff_E=1339.26,-7.7,6.546,4.672
GNA11_prepared_1_uff_E=804.69,-7.4,32.379,30.302
GNA11_prepared_0_uff_E=215.74,-6.6,9.144,4.24
GNA11_prepared_0_uff_E=941.88,-6.3,39.273,36.238
GNA11_prepared_1_uff_E=277.76,-4.7,3.797,2.954
GNA11_prepared_1_uff_E=100.34,-4.0,5.017,4.025
GNA11_prepared_0_uff_E=31.09,-3.3,21.466,20.901
GNA11_prepared_1_uff_E=1373.11,-8.7,10.349,7.622
GNA11_prepared_1_uff_E=1395.80,-8.2,6.362,4.503
GNA11_prepared_1_uff_E=1339.26,-7.7,8.752,6.464
GNA11_prepared_1_uff_E=892.84,-7.5,5.678,3.756
GNA11_prepared_1_uff_E=804.69,-7.3,33.563,30.701
GNA11_prepared_0_uff_E=215.74,-6.5,12.004,8.986
GNA11_prepared_0_uff_E=941.88,-6.3,14.326,12.386
GNA11_prepared_1_uff_E=277.76,-4.6,4.418,3.39
GNA11_prepared_1_uff_E=100.34,-4.0,4.918,4.361
GNA11_prepared_0_uff_E=31.09,-3.3,11.362,10.607
GNA11_prepared_1_uff_E=1373.11,-8.6,7.283,4.043
GNA11_prepared_1_uff_E=1395.80,-8.1,8.892,5.329
GNA11_prepared_1_uff_E=1339.26,-7.7,8.681,6.483
GNA11_prepared_1_uff_E=892.84,-7.3,3.979,2.568
GNA11_prepared_1_uff_E=804.69,-7.3,5.3,3.286
GNA11_prepared_0_uff_E=215.74,-6.3,9.47,4.491
GNA11_prepared_0_uff_E=941.88,-6.2,32.988,31.135
GNA11_prepared_1_uff_E=277.76,-4.5,6.962,4.554
GNA11_prepared_1_uff_E=100.34,-4.0,30.531,29.697
GNA11_prepared_0_uff_E=31.09,-3.3,24.208,23.573
