Ligand,Binding Affinity,rmsd/ub, rmsd/lb
GNAQ_prepared_1_uff_E=1395.80,-9.2,0.0,0.0
GNAQ_prepared_0_uff_E=941.88,-9.0,0.0,0.0
GNAQ_prepared_1_uff_E=1339.26,-8.9,0.0,0.0
GNAQ_prepared_1_uff_E=1373.11,-8.9,0.0,0.0
GNAQ_prepared_1_uff_E=804.69,-8.7,0.0,0.0
GNAQ_prepared_1_uff_E=892.84,-8.6,0.0,0.0
GNAQ_prepared_0_uff_E=215.74,-6.5,0.0,0.0
GNAQ_prepared_1_uff_E=277.76,-4.8,0.0,0.0
GNAQ_prepared_1_uff_E=100.34,-4.3,0.0,0.0
GNAQ_prepared_0_uff_E=31.09,-4.2,0.0,0.0
GNAQ_prepared_1_uff_E=1395.80,-9.1,11.13,8.043
GNAQ_prepared_1_uff_E=1339.26,-8.8,8.328,4.19
GNAQ_prepared_1_uff_E=1373.11,-8.8,4.977,2.701
GNAQ_prepared_1_uff_E=892.84,-8.6,9.188,3.798
GNAQ_prepared_1_uff_E=804.69,-8.0,18.848,16.247
GNAQ_prepared_0_uff_E=941.88,-7.7,6.51,4.96
GNAQ_prepared_0_uff_E=215.74,-6.5,26.128,24.291
GNAQ_prepared_1_uff_E=277.76,-4.8,30.396,28.336
GNAQ_prepared_1_uff_E=100.34,-4.3,27.243,26.505
GNAQ_prepared_0_uff_E=31.09,-3.9,2.848,2.092
GNAQ_prepared_1_uff_E=1395.80,-9.0,9.405,6.209
GNAQ_prepared_1_uff_E=1373.11,-8.8,6.774,4.548
GNAQ_prepared_1_uff_E=1339.26,-8.7,8.827,4.314
GNAQ_prepared_1_uff_E=892.84,-8.5,9.286,3.839
GNAQ_prepared_1_uff_E=804.69,-8.0,17.008,11.749
GNAQ_prepared_0_uff_E=941.88,-7.6,5.061,4.046
GNAQ_prepared_0_uff_E=215.74,-6.3,47.597,44.315
GNAQ_prepared_1_uff_E=277.76,-4.7,9.553,6.201
GNAQ_prepared_1_uff_E=100.34,-4.1,34.07,33.826
GNAQ_prepared_0_uff_E=31.09,-3.6,52.628,51.922
GNAQ_prepared_1_uff_E=1395.80,-9.0,9.331,6.616
GNAQ_prepared_1_uff_E=1339.26,-8.6,10.362,6.197
GNAQ_prepared_1_uff_E=1373.11,-8.6,6.387,4.244
GNAQ_prepared_1_uff_E=892.84,-8.4,9.296,3.649
GNAQ_prepared_1_uff_E=804.69,-7.7,9.723,5.475
GNAQ_prepared_0_uff_E=941.88,-7.6,5.647,4.233
GNAQ_prepared_0_uff_E=215.74,-6.2,2.731,1.812
GNAQ_prepared_1_uff_E=277.76,-4.7,9.941,7.867
GNAQ_prepared_1_uff_E=100.34,-4.1,34.58,34.089
GNAQ_prepared_0_uff_E=31.09,-3.5,68.735,68.499
GNAQ_prepared_1_uff_E=1395.80,-9.0,9.241,4.48
GNAQ_prepared_1_uff_E=1373.11,-8.6,8.345,5.189
GNAQ_prepared_1_uff_E=1339.26,-8.5,8.715,4.102
GNAQ_prepared_1_uff_E=892.84,-8.2,9.387,4.093
GNAQ_prepared_1_uff_E=804.69,-7.6,20.167,16.247
GNAQ_prepared_0_uff_E=941.88,-7.4,7.267,5.512
GNAQ_prepared_0_uff_E=215.74,-5.9,1.948,1.654
GNAQ_prepared_1_uff_E=277.76,-4.7,4.085,2.789
GNAQ_prepared_1_uff_E=100.34,-4.1,27.158,26.582
GNAQ_prepared_0_uff_E=31.09,-3.5,72.001,71.732
GNAQ_prepared_1_uff_E=1395.80,-8.9,9.24,6.476
GNAQ_prepared_1_uff_E=1373.11,-8.6,6.619,3.639
GNAQ_prepared_1_uff_E=1339.26,-8.2,5.978,3.32
GNAQ_prepared_1_uff_E=892.84,-8.0,10.428,4.284
GNAQ_prepared_1_uff_E=804.69,-7.5,19.337,16.725
GNAQ_prepared_0_uff_E=941.88,-7.2,38.97,36.048
GNAQ_prepared_0_uff_E=215.74,-5.9,23.21,21.593
GNAQ_prepared_1_uff_E=277.76,-4.7,13.711,10.674
GNAQ_prepared_1_uff_E=100.34,-4.0,32.842,32.074
GNAQ_prepared_0_uff_E=31.09,-3.3,73.014,72.538
GNAQ_prepared_1_uff_E=1395.80,-8.7,10.891,7.951
GNAQ_prepared_1_uff_E=1373.11,-8.5,3.85,2.463
GNAQ_prepared_1_uff_E=1339.26,-8.2,9.909,7.769
GNAQ_prepared_1_uff_E=892.84,-7.9,12.214,5.852
GNAQ_prepared_1_uff_E=804.69,-7.5,9.662,5.316
GNAQ_prepared_0_uff_E=941.88,-7.1,25.546,23.596
GNAQ_prepared_0_uff_E=215.74,-5.8,24.253,22.437
GNAQ_prepared_1_uff_E=277.76,-4.6,5.759,2.629
GNAQ_prepared_1_uff_E=100.34,-4.0,37.545,36.726
GNAQ_prepared_0_uff_E=31.09,-3.3,70.953,70.735
GNAQ_prepared_1_uff_E=1373.11,-8.5,3.81,2.473
GNAQ_prepared_1_uff_E=1395.80,-8.5,10.512,5.263
GNAQ_prepared_1_uff_E=1339.26,-7.9,10.392,7.691
GNAQ_prepared_1_uff_E=892.84,-7.9,12.548,6.124
GNAQ_prepared_1_uff_E=804.69,-7.4,10.845,6.153
GNAQ_prepared_0_uff_E=941.88,-7.1,34.955,31.518
GNAQ_prepared_0_uff_E=215.74,-5.7,53.36,49.97
GNAQ_prepared_1_uff_E=277.76,-4.6,3.037,2.175
GNAQ_prepared_1_uff_E=100.34,-4.0,34.047,33.525
GNAQ_prepared_0_uff_E=31.09,-3.3,75.214,74.47
GNAQ_prepared_1_uff_E=1373.11,-8.5,6.932,3.625
GNAQ_prepared_1_uff_E=1395.80,-8.3,9.379,6.624
GNAQ_prepared_1_uff_E=892.84,-7.9,10.674,4.546
GNAQ_prepared_1_uff_E=1339.26,-7.5,11.32,9.495
GNAQ_prepared_1_uff_E=804.69,-7.3,64.037,60.761
GNAQ_prepared_0_uff_E=941.88,-7.1,7.507,4.912
GNAQ_prepared_0_uff_E=215.74,-5.6,42.339,40.375
GNAQ_prepared_1_uff_E=277.76,-4.5,5.693,2.905
GNAQ_prepared_1_uff_E=100.34,-3.9,35.557,34.695
GNAQ_prepared_0_uff_E=31.09,-3.3,58.197,57.455
